area,location,city,road_width,amenities,distance_from_city,land_type,price
714,gurgaon,delhi,46,"park,metro",6.984908692722245,residential,7970837.39
2052,gurgaon,delhi,41,"park,metro",34.527204900386636,residential,24891431.71
1053,gurgaon,delhi,41,"school,hospital",9.059743255837336,commercial,12018920.9
858,gurgaon,delhi,44,"metro,mall",3.2440164884327487,commercial,11465513.39
917,gurgaon,delhi,25,"school,hospital",7.671238871162069,residential,12342302.03
1695,gurgaon,delhi,56,"mall,school",12.816903094677842,residential,22848840.64
1749,gurgaon,delhi,50,"school,hospital",33.387068603406796,commercial,20002375.13
551,gurgaon,delhi,52,"mall,school",28.33897709045722,commercial,6410145.2
2632,gurgaon,delhi,43,"metro,mall",34.35164591598814,residential,33180289.05
838,gurgaon,delhi,36,"school,hospital",15.391319360329938,commercial,11303886.99
800,gurgaon,delhi,44,"park,metro",3.6034068837410884,residential,10242566.37
1988,gurgaon,delhi,42,"school,hospital",18.011597526698612,residential,20369415.37
1678,gurgaon,delhi,60,"school,hospital",23.134293980159047,residential,23106823.76
1129,gurgaon,delhi,48,"mall,school",30.811055847018615,residential,15547513.17
541,gurgaon,delhi,32,"metro,mall",12.485406849972073,commercial,5780595.47
1613,gurgaon,delhi,60,"mall,school",3.0131473542673173,residential,21996190.04
2590,gurgaon,delhi,25,"metro,mall",19.028411613454963,residential,29728592.93
2694,gurgaon,delhi,54,"mall,school",4.078064325883107,commercial,31139546.61
1575,gurgaon,delhi,22,"park,metro",18.320648639571516,residential,21484193.75
1171,gurgaon,delhi,46,"metro,mall",29.555562572029945,residential,15670285.11
2024,gurgaon,delhi,25,"metro,mall",31.048328512845607,commercial,25517658.97
2701,gurgaon,delhi,38,"mall,school",16.634062883849353,commercial,30527213.93
2618,gurgaon,delhi,30,"mall,school",18.990743356168736,residential,27830487.8
2362,gurgaon,delhi,42,"mall,school",35.22985668720652,commercial,29776339.7
1744,gurgaon,delhi,21,"school,hospital",22.29885855331781,residential,20482288.68
1907,gurgaon,delhi,54,"park,metro",11.321458198555124,commercial,22884841.06
880,gurgaon,delhi,52,"school,hospital",10.52106589675175,commercial,9836908.4
1583,gurgaon,delhi,52,"metro,mall",38.37668206760667,residential,18415692.23
570,gurgaon,delhi,56,"school,hospital",6.148701088158558,commercial,6212423.08
843,gurgaon,delhi,54,"school,hospital",37.38684989473867,residential,9633904.56
2482,gurgaon,delhi,45,"metro,mall",12.503514307806192,commercial,29715082.27
1894,gurgaon,delhi,34,"school,hospital",25.56078280126275,residential,22017613.51
2962,gurgaon,delhi,51,"park,metro",28.743940440051865,residential,36707971.3
714,gurgaon,delhi,49,"park,metro",38.434282651178904,commercial,8209803.73
1792,gurgaon,delhi,48,"park,metro",33.024036317224926,residential,20592255.5
1240,gurgaon,delhi,23,"mall,school",16.887397911530492,commercial,14354919.75
1216,gurgaon,delhi,44,"park,metro",5.558891565369553,commercial,16151876.72
1001,gurgaon,delhi,52,"park,metro",5.031728304447076,commercial,13483035.21
711,gurgaon,delhi,39,"metro,mall",20.225280063007933,commercial,8752046.11
1493,gurgaon,delhi,37,"mall,school",23.82236065079481,commercial,18705213.26
1517,gurgaon,delhi,49,"park,metro",15.47559781618134,residential,20654922.61
1246,gurgaon,delhi,47,"mall,school",30.149213186501765,commercial,13262451.04
2691,gurgaon,delhi,54,"school,hospital",15.056117871457994,commercial,27862442.46
1404,gurgaon,delhi,22,"mall,school",21.652301574383326,commercial,17341766.75
2876,gurgaon,delhi,20,"park,metro",30.004240105305104,residential,38662915.9
756,gurgaon,delhi,38,"school,hospital",39.83091535712852,commercial,10083311.59
2240,gurgaon,delhi,20,"mall,school",27.929484643760865,residential,23198028.86
690,gurgaon,delhi,30,"school,hospital",14.201853748366473,commercial,7707313.28
1418,gurgaon,delhi,25,"metro,mall",19.380359386472918,commercial,15905435.59
1299,gurgaon,delhi,24,"mall,school",18.037279430906732,commercial,15684832.21
954,gurgaon,delhi,47,"mall,school",22.139784814337272,residential,9937385.69
2520,gurgaon,delhi,33,"school,hospital",38.97871049783823,residential,26924732.96
1352,gurgaon,delhi,21,"metro,mall",18.252255456744862,commercial,14147846.79
2740,gurgaon,delhi,35,"mall,school",28.856537824728914,residential,28243425.78
1745,gurgaon,delhi,40,"school,hospital",22.073321707254294,commercial,18507103.86
1126,gurgaon,delhi,46,"school,hospital",21.890472572368324,commercial,13373753.87
2100,gurgaon,delhi,44,"metro,mall",39.395820986128996,commercial,25657270.14
674,gurgaon,delhi,50,"metro,mall",7.661215547577761,commercial,7570657.08
1945,gurgaon,delhi,21,"mall,school",22.27227363035996,commercial,23702705.08
1985,gurgaon,delhi,23,"metro,mall",21.815242146692555,residential,21771766.66
2928,gurgaon,delhi,25,"school,hospital",38.49135263426965,residential,36869277.96
2215,gurgaon,delhi,50,"school,hospital",34.500217437167585,residential,23598895.95
1165,gurgaon,delhi,25,"park,metro",4.194770705951898,residential,15191368.53
1397,gurgaon,delhi,32,"mall,school",5.206142374021422,residential,16550793.62
968,gurgaon,delhi,25,"school,hospital",27.72893553617301,commercial,11481258.78
2300,gurgaon,delhi,33,"school,hospital",11.699922308599035,commercial,31376316.95
1898,gurgaon,delhi,25,"metro,mall",13.792370729991282,commercial,23948412.88
1915,gurgaon,delhi,23,"metro,mall",23.356160062479294,residential,24957835.7
1522,gurgaon,delhi,28,"metro,mall",32.044556556202345,commercial,17102782.05
2223,gurgaon,delhi,55,"park,metro",16.71260485921263,residential,30489409.18
2207,gurgaon,delhi,58,"park,metro",15.944646050024938,residential,29477836.08
1935,gurgaon,delhi,20,"park,metro",5.955742292145853,residential,23264320.78
2998,gurgaon,delhi,26,"school,hospital",17.765656690981277,residential,34094161.56
1285,gurgaon,delhi,42,"mall,school",31.786761982679668,commercial,14056914.57
2764,gurgaon,delhi,30,"mall,school",3.988448564957641,residential,37975017.57
1160,gurgaon,delhi,43,"school,hospital",6.730092943058626,residential,15089696.65
1607,gurgaon,delhi,24,"park,metro",5.1008981305559065,commercial,17092888.06
1979,gurgaon,delhi,46,"metro,mall",25.979895976330095,residential,21112621.58
2691,gurgaon,delhi,41,"park,metro",32.572154534142086,commercial,28619947.68
2300,gurgaon,delhi,20,"metro,mall",34.03584282986876,residential,31381859.71
2306,gurgaon,delhi,42,"school,hospital",33.35035834061366,residential,30472240.19
2086,gurgaon,delhi,33,"school,hospital",36.88326235978377,commercial,21279816.34
1031,gurgaon,delhi,25,"school,hospital",22.83671482553504,commercial,13496398.69
1188,gurgaon,delhi,44,"park,metro",5.401985684984665,residential,15442351.06
999,gurgaon,delhi,45,"park,metro",24.031643129749067,residential,13035392.91
1771,gurgaon,delhi,55,"park,metro",39.74342980115452,residential,20049600.18
1762,gurgaon,delhi,32,"mall,school",10.84278957104145,residential,19779482.55
2231,gurgaon,delhi,29,"school,hospital",27.64470825159321,residential,23283573.04
756,gurgaon,delhi,32,"mall,school",24.065728437741157,commercial,8933132.23
2690,gurgaon,delhi,24,"school,hospital",6.3185615409521665,residential,36530543.43
2691,gurgaon,delhi,21,"school,hospital",27.982671836901645,residential,36417149.97
2651,gurgaon,delhi,23,"mall,school",32.49537283968908,commercial,27981309.53
2074,gurgaon,delhi,31,"mall,school",39.04765052988745,residential,23646776.47
857,gurgaon,delhi,29,"school,hospital",31.93610762148518,commercial,8875622.27
1994,gurgaon,delhi,36,"park,metro",18.20605351961966,residential,24000549.57
2685,gurgaon,delhi,55,"metro,mall",39.67910980902674,residential,32501665.82
2877,gurgaon,delhi,29,"metro,mall",19.799713408075885,residential,35600188.07
2757,gurgaon,delhi,43,"park,metro",32.89605831248885,commercial,32879547.4
2029,gurgaon,delhi,38,"park,metro",10.35123083934007,residential,25428250.82
2035,gurgaon,delhi,26,"mall,school",32.68238248512681,commercial,21140791.28
1225,gurgaon,delhi,59,"metro,mall",11.566566170984952,commercial,16482866.69
1056,gurgaon,delhi,26,"mall,school",37.52609504349722,residential,12696635.41
2651,gurgaon,delhi,40,"mall,school",32.06062875984317,commercial,31788430.66
1883,gurgaon,delhi,31,"school,hospital",6.778223141770408,residential,23789699.74
2612,gurgaon,delhi,29,"park,metro",37.53189200534851,residential,33329730.08
1102,gurgaon,delhi,30,"mall,school",30.541039034294624,residential,14442870.88
2786,gurgaon,delhi,52,"school,hospital",31.5625502345666,commercial,37250959.95
2548,gurgaon,delhi,50,"school,hospital",13.237549625014783,commercial,32122598.87
1420,gurgaon,delhi,50,"mall,school",14.78746365569078,commercial,14825934.2
2205,gurgaon,delhi,40,"mall,school",20.162173193211174,residential,28025484.09
655,gurgaon,delhi,42,"park,metro",14.851682080310047,residential,8363887.66
2745,gurgaon,delhi,55,"mall,school",29.99114802062372,commercial,34866444.18
1456,gurgaon,delhi,28,"mall,school",10.486318865274441,commercial,15022397.3
2255,gurgaon,delhi,20,"park,metro",38.00421115021409,residential,28191299.52
1602,gurgaon,delhi,42,"park,metro",27.943240900674827,commercial,21845094.5
1343,gurgaon,delhi,27,"school,hospital",39.14062710205095,residential,17542441.37
2957,gurgaon,delhi,46,"mall,school",29.05817392828774,residential,35335689.48
1271,gurgaon,delhi,34,"park,metro",28.82535169529827,commercial,13803598.02
979,gurgaon,delhi,42,"mall,school",6.79295625724214,commercial,11381177.14
867,gurgaon,delhi,43,"school,hospital",10.030786425239581,residential,11004569.12
2229,gurgaon,delhi,48,"mall,school",38.132466424651156,residential,29300696.6
2198,gurgaon,delhi,39,"mall,school",16.927679947232217,commercial,22827492.71
2006,gurgaon,delhi,41,"school,hospital",7.480444222671044,commercial,22982800.61
2104,gurgaon,delhi,22,"school,hospital",32.743211579465274,commercial,25248660.86
1675,gurgaon,delhi,58,"mall,school",16.345850582245472,residential,17999791.93
2428,gurgaon,delhi,33,"park,metro",11.906746468759792,commercial,32093675.2
2786,gurgaon,delhi,39,"school,hospital",10.28477148824439,commercial,30640133.54
1855,gurgaon,delhi,48,"mall,school",32.87726941459397,commercial,22099930.71
2287,gurgaon,delhi,38,"metro,mall",27.09823677364864,commercial,29252645.97
903,gurgaon,delhi,59,"park,metro",17.162455215681277,residential,12157351.97
1454,gurgaon,delhi,30,"mall,school",32.22792760909822,commercial,18883450.63
2996,gurgaon,delhi,35,"park,metro",9.473826606675875,residential,33500547.32
2209,gurgaon,delhi,25,"mall,school",23.265378410648985,commercial,28957352.03
2407,gurgaon,delhi,28,"school,hospital",15.73876918021872,residential,30566940.0
1072,gurgaon,delhi,39,"mall,school",8.715851947154396,commercial,14657199.12
1598,gurgaon,delhi,59,"school,hospital",13.978027992523998,residential,19848219.77
1766,gurgaon,delhi,32,"mall,school",3.952705254357722,residential,23922332.79
1864,gurgaon,delhi,30,"park,metro",4.461988722688685,residential,23191030.53
669,gurgaon,delhi,25,"school,hospital",36.77316205268925,commercial,7660549.6
1204,gurgaon,delhi,55,"metro,mall",25.423814053175136,residential,12690416.9
917,gurgaon,delhi,29,"school,hospital",27.860377977444376,residential,10721582.35
2345,gurgaon,delhi,57,"park,metro",30.302323958226303,residential,30375725.13
2496,gurgaon,delhi,47,"school,hospital",36.833764873977366,residential,28252942.13
1288,gurgaon,delhi,48,"school,hospital",39.60609210387516,residential,14198625.42
1150,gurgaon,delhi,34,"mall,school",36.157882128355695,residential,13921856.13
886,gurgaon,delhi,31,"metro,mall",21.457363468434163,commercial,10002531.19
1447,gurgaon,delhi,34,"mall,school",37.025302012026806,residential,17637552.43
1598,gurgaon,delhi,39,"park,metro",11.734580052781709,residential,17746425.26
1336,gurgaon,delhi,20,"metro,mall",18.17206092907975,commercial,18349459.1
2499,gurgaon,delhi,49,"park,metro",21.675990072380333,commercial,26128579.22
2730,noida,delhi,48,"metro,mall",8.232694423254172,commercial,20595942.04
1021,noida,delhi,49,"park,metro",7.305167241194475,commercial,8023555.75
2465,noida,delhi,43,"metro,mall",11.53903855426192,commercial,22624064.9
1542,noida,delhi,53,"metro,mall",6.829387294799902,commercial,11475186.01
2032,noida,delhi,48,"mall,school",8.571502645315652,residential,17884264.8
1234,noida,delhi,41,"school,hospital",29.681692911426083,residential,10312214.69
2746,noida,delhi,47,"park,metro",16.971135511670138,commercial,20279874.97
2847,noida,delhi,45,"mall,school",28.42919888448235,residential,21862015.1
1446,noida,delhi,34,"school,hospital",8.726340089929376,commercial,13246829.72
2321,noida,delhi,59,"park,metro",38.87273181465972,residential,20272395.27
2409,noida,delhi,23,"school,hospital",3.845558938401015,residential,18328289.47
1609,noida,delhi,31,"school,hospital",11.952258956697062,residential,11645327.6
1208,noida,delhi,45,"mall,school",5.082466864004584,commercial,10082450.73
1563,noida,delhi,40,"school,hospital",5.777243037454321,commercial,14280836.51
1737,noida,delhi,43,"school,hospital",38.68553315435065,commercial,15535498.83
2373,noida,delhi,50,"metro,mall",5.048952339956962,residential,19231516.54
2401,noida,delhi,34,"metro,mall",22.15102177329365,residential,20755015.64
2029,noida,delhi,28,"school,hospital",11.218233322615047,residential,18553821.48
796,noida,delhi,52,"mall,school",22.888542541736953,commercial,6388057.54
1692,noida,delhi,32,"park,metro",32.62372704233559,residential,14096893.8
2615,noida,delhi,32,"metro,mall",27.556350201908675,residential,21686945.99
1725,noida,delhi,50,"park,metro",8.067697122231714,commercial,12887708.53
1813,noida,delhi,29,"metro,mall",38.14240050143256,residential,12878333.79
1994,noida,delhi,48,"metro,mall",29.35911463052542,residential,14068178.63
2015,noida,delhi,56,"metro,mall",26.98071339767455,commercial,16671815.31
1888,noida,delhi,30,"school,hospital",33.47082040033779,commercial,15809639.09
2187,noida,delhi,57,"park,metro",10.499042144322626,commercial,16162583.98
1653,noida,delhi,57,"park,metro",36.70142190282237,commercial,14900321.84
2011,noida,delhi,43,"school,hospital",19.91867656552434,residential,16133077.71
1044,noida,delhi,47,"metro,mall",27.66414565848411,commercial,7460693.85
2519,noida,delhi,33,"park,metro",3.930454714239219,residential,21022963.65
1201,noida,delhi,28,"park,metro",12.15842343203842,residential,10681784.69
2884,noida,delhi,44,"school,hospital",37.08702824415803,residential,23167259.55
2927,noida,delhi,58,"school,hospital",38.369106535913474,residential,26683828.44
1511,noida,delhi,51,"park,metro",15.486684013453061,commercial,10469633.89
2127,noida,delhi,24,"park,metro",26.99627647293806,commercial,17334339.07
1241,noida,delhi,47,"school,hospital",15.109757574959886,commercial,10939698.51
2692,noida,delhi,57,"metro,mall",9.848862454883841,commercial,22984762.44
1899,noida,delhi,27,"metro,mall",21.414939915253925,residential,16455955.71
2144,noida,delhi,26,"school,hospital",15.425020835953594,residential,14901750.47
1546,noida,delhi,35,"mall,school",3.851542602041324,residential,11410871.53
2576,noida,delhi,41,"school,hospital",28.616843641525474,commercial,18860642.67
2461,noida,delhi,59,"school,hospital",7.253697370324748,residential,20165763.94
2389,noida,delhi,42,"metro,mall",8.278849451728933,commercial,16609618.25
2893,noida,delhi,55,"school,hospital",12.21602796204138,residential,23375844.02
1172,noida,delhi,37,"park,metro",6.5140335184339175,residential,8209057.43
516,noida,delhi,43,"park,metro",38.91316101332774,residential,4352604.13
1479,noida,delhi,39,"metro,mall",32.733175146193005,commercial,11882027.12
823,noida,delhi,53,"mall,school",12.073608671175608,commercial,7121453.65
2408,noida,delhi,33,"mall,school",20.96342118406679,residential,21345692.51
725,noida,delhi,26,"mall,school",17.457753854147796,residential,6385469.88
2750,noida,delhi,33,"park,metro",29.924361955131943,residential,23485346.77
1029,noida,delhi,56,"school,hospital",26.052683064423388,commercial,9352131.26
1563,noida,delhi,48,"metro,mall",35.01670042670086,commercial,10864608.66
2553,noida,delhi,46,"mall,school",15.52854029494834,residential,17833604.85
2402,noida,delhi,59,"park,metro",22.72930893598379,commercial,20190208.81
2539,noida,delhi,56,"park,metro",9.261792312135196,residential,21120667.81
2362,noida,delhi,25,"mall,school",35.38768112682365,residential,17845010.34
2324,noida,delhi,44,"park,metro",14.926694980617452,commercial,18007042.03
2753,noida,delhi,21,"metro,mall",19.25248863749569,residential,22628253.37
1068,noida,delhi,47,"school,hospital",38.77533210688656,commercial,8493915.42
997,noida,delhi,37,"school,hospital",32.66753947117678,residential,8839750.74
906,noida,delhi,57,"park,metro",15.50111071068945,commercial,7492155.17
2290,noida,delhi,35,"metro,mall",35.81907051357873,commercial,17196932.68
2019,noida,delhi,60,"metro,mall",12.691444009097273,residential,15790128.74
1704,noida,delhi,54,"school,hospital",19.909197759907567,residential,13475446.5
1392,noida,delhi,30,"park,metro",7.862973493353349,residential,12379720.94
1660,noida,delhi,42,"school,hospital",18.466454484970967,commercial,11610396.02
1150,noida,delhi,52,"metro,mall",34.768956292412184,residential,7841493.64
2294,noida,delhi,38,"park,metro",14.07829179972368,residential,17998733.29
1466,noida,delhi,48,"school,hospital",3.004353088450471,residential,13411386.4
1992,noida,delhi,29,"mall,school",36.044474767129906,residential,14947443.4
1292,noida,delhi,30,"metro,mall",33.078441406998124,residential,11158052.04
1003,noida,delhi,55,"metro,mall",5.1907846669226565,residential,7170078.57
1492,noida,delhi,50,"park,metro",9.728930731653863,commercial,11810244.93
2493,noida,delhi,58,"park,metro",10.86334098875004,commercial,17514748.7
2959,noida,delhi,52,"metro,mall",22.82644548807121,residential,24605114.47
1319,noida,delhi,31,"mall,school",3.6993750772617267,residential,11829175.14
1784,noida,delhi,54,"mall,school",29.618446383350346,residential,14742634.62
959,noida,delhi,57,"mall,school",28.96952868280298,residential,8292122.98
1338,noida,delhi,21,"school,hospital",13.998114880158214,commercial,10290078.28
645,noida,delhi,58,"mall,school",19.799552501787396,residential,5569820.51
2062,noida,delhi,55,"mall,school",15.795744522209487,residential,14617548.02
1309,noida,delhi,53,"school,hospital",9.416919563274194,commercial,9039633.15
1672,noida,delhi,31,"metro,mall",3.189111274064735,commercial,14396895.95
2282,noida,delhi,20,"park,metro",27.672613743716095,commercial,19163848.22
2853,noida,delhi,56,"park,metro",38.382571036366535,commercial,25245093.03
2088,noida,delhi,31,"metro,mall",36.93435460318443,residential,14962764.19
1986,noida,delhi,23,"metro,mall",36.55886384877972,residential,14491138.69
2985,noida,delhi,26,"school,hospital",14.471518118159613,commercial,24968399.43
2913,noida,delhi,56,"school,hospital",14.408060162010516,residential,25059101.36
2633,noida,delhi,55,"metro,mall",14.14588024936653,commercial,20917962.85
2094,noida,delhi,24,"metro,mall",16.225681386724943,residential,14388744.6
1563,noida,delhi,54,"school,hospital",4.605735530750544,commercial,14030525.03
2623,noida,delhi,38,"park,metro",35.70040298571607,commercial,18117777.88
1615,noida,delhi,55,"school,hospital",36.09246970959336,residential,13401490.64
2866,noida,delhi,46,"school,hospital",3.7153694722957598,commercial,22643336.99
2201,noida,delhi,23,"park,metro",13.532833525711503,residential,18230367.64
1308,noida,delhi,60,"park,metro",28.676866197361107,commercial,10403994.85
1824,noida,delhi,43,"metro,mall",7.286752921950106,residential,16189526.8
1836,noida,delhi,52,"park,metro",36.794104596003976,residential,13605737.21
2435,noida,delhi,54,"school,hospital",35.28736235861827,commercial,18226974.63
2519,noida,delhi,42,"mall,school",28.847273902278815,commercial,21747096.25
2501,noida,delhi,57,"metro,mall",36.19493585843137,residential,22133083.42
2680,noida,delhi,51,"metro,mall",13.139523309628427,residential,23808210.01
1008,noida,delhi,51,"park,metro",8.344444115169555,commercial,7283812.08
780,noida,delhi,33,"park,metro",5.858773210501306,residential,6484731.49
2268,noida,delhi,48,"school,hospital",22.060299781488972,residential,15720065.38
745,noida,delhi,53,"school,hospital",9.64364027763284,residential,6837986.43
2741,noida,delhi,27,"school,hospital",15.51437103254788,residential,25143672.87
2458,noida,delhi,42,"school,hospital",14.90745711150239,residential,21485867.23
2257,noida,delhi,53,"metro,mall",33.082024507881805,residential,20366379.91
2695,noida,delhi,55,"metro,mall",15.975217146500583,commercial,18759743.7
2647,noida,delhi,23,"metro,mall",11.450669880379262,residential,20604154.61
573,noida,delhi,32,"school,hospital",22.143159971026996,residential,5078649.52
1712,noida,delhi,45,"mall,school",31.845494910724085,commercial,14110593.66
2482,noida,delhi,25,"school,hospital",18.570360176080207,residential,18733461.45
954,noida,delhi,47,"park,metro",21.566128958049582,commercial,7858448.62
1838,noida,delhi,42,"metro,mall",26.700891250954747,commercial,14052178.6
838,noida,delhi,37,"park,metro",14.73005828755025,commercial,6636479.08
2816,noida,delhi,55,"park,metro",36.24954104520858,residential,25432928.93
2201,noida,delhi,44,"mall,school",22.35683942176544,commercial,17112825.29
2022,noida,delhi,52,"mall,school",35.923349785426964,commercial,18189927.68
1876,noida,delhi,25,"park,metro",14.652214041310277,residential,15726725.44
811,noida,delhi,55,"park,metro",24.27261387880916,commercial,7317458.74
654,noida,delhi,31,"mall,school",37.27540072278317,residential,5196760.66
512,noida,delhi,39,"metro,mall",17.72253336841622,residential,4038231.58
1836,noida,delhi,37,"school,hospital",27.371943948775588,residential,13296301.14
1123,noida,delhi,24,"park,metro",38.874323866229766,commercial,10089464.96
2612,noida,delhi,59,"mall,school",34.340971703248805,commercial,23594084.14
1765,noida,delhi,54,"metro,mall",13.809786970276518,commercial,15854129.66
1074,noida,delhi,44,"park,metro",24.39291936602121,residential,9265376.77
895,noida,delhi,59,"mall,school",32.90524369883168,residential,6349346.64
1444,noida,delhi,59,"metro,mall",36.60238504351027,commercial,10264811.73
2252,noida,delhi,23,"metro,mall",37.20829879727185,residential,15949596.07
1208,noida,delhi,55,"park,metro",29.74249471578864,commercial,9208101.76
2868,noida,delhi,59,"mall,school",12.896735915325959,residential,21835130.4
572,noida,delhi,38,"metro,mall",10.433225048650616,commercial,4962134.3
2224,noida,delhi,41,"mall,school",7.881787648110265,residential,15974381.32
1199,noida,delhi,39,"school,hospital",39.314451015808665,commercial,9928930.95
2341,noida,delhi,55,"park,metro",12.414254679856892,commercial,18886644.64
2673,noida,delhi,43,"metro,mall",9.467409496192792,commercial,19726594.7
679,noida,delhi,21,"metro,mall",33.5487547563948,residential,4860171.94
1415,noida,delhi,30,"metro,mall",32.9227833308612,residential,12052582.39
2694,noida,delhi,22,"metro,mall",25.280048699653104,residential,24057287.04
1202,noida,delhi,45,"school,hospital",25.663510004541354,commercial,10111710.98
1259,noida,delhi,24,"mall,school",26.588031155503483,residential,11107812.18
883,noida,delhi,44,"mall,school",16.56548442269721,residential,7407128.79
743,noida,delhi,60,"park,metro",23.826341337486518,commercial,6304949.47
1593,noida,delhi,50,"park,metro",28.40561594168402,residential,10965766.56
1794,faridabad,delhi,48,"park,metro",23.40191857954774,residential,10323291.22
626,faridabad,delhi,21,"school,hospital",38.911800296009176,commercial,3654158.73
537,faridabad,delhi,49,"school,hospital",18.567010532143915,commercial,3199331.76
2913,faridabad,delhi,43,"mall,school",22.745313656598746,commercial,19496703.47
1871,faridabad,delhi,59,"park,metro",35.72017364590598,commercial,10797423.68
2732,faridabad,delhi,37,"mall,school",30.75593581260393,residential,15501618.4
2935,faridabad,delhi,31,"park,metro",33.11034446664199,commercial,18258088.65
1620,faridabad,delhi,25,"park,metro",14.923100289849307,residential,11171901.04
1572,faridabad,delhi,30,"park,metro",33.76807436538786,residential,9762976.21
2446,faridabad,delhi,24,"park,metro",8.3570767352765,commercial,13614939.71
728,faridabad,delhi,59,"mall,school",27.473504693763275,commercial,4853867.0
1165,faridabad,delhi,56,"school,hospital",39.88948364828211,commercial,7312855.48
840,faridabad,delhi,21,"metro,mall",20.50152660892426,commercial,5334066.67
2506,faridabad,delhi,57,"mall,school",25.119561381360896,commercial,15617447.36
1483,faridabad,delhi,60,"park,metro",25.026106964185715,commercial,8439287.19
2178,faridabad,delhi,34,"park,metro",27.62071494408932,residential,14921717.77
2025,faridabad,delhi,37,"park,metro",25.255209526037618,commercial,12158669.12
1425,faridabad,delhi,28,"mall,school",28.85682254016198,commercial,8082858.28
1091,faridabad,delhi,57,"mall,school",5.920699239658624,residential,7348059.42
1511,faridabad,delhi,44,"metro,mall",5.690446205746319,commercial,10373303.76
1922,faridabad,delhi,55,"school,hospital",17.109908976757215,commercial,11196526.54
2490,faridabad,delhi,51,"school,hospital",18.787195743170685,commercial,16657876.71
2285,faridabad,delhi,45,"mall,school",13.778703183857651,residential,13620177.97
2302,faridabad,delhi,49,"mall,school",14.0677978470749,residential,14398734.91
2378,faridabad,delhi,52,"park,metro",21.056764310651268,residential,14401087.76
1866,faridabad,delhi,57,"park,metro",4.37021739694558,residential,10783870.52
952,faridabad,delhi,32,"metro,mall",8.413810130255253,residential,5384556.59
1332,faridabad,delhi,60,"metro,mall",20.046973473257914,residential,8552059.21
983,faridabad,delhi,48,"school,hospital",5.795134624813601,residential,6650015.93
642,faridabad,delhi,30,"metro,mall",12.964664769920649,residential,4125877.14
1287,faridabad,delhi,38,"mall,school",39.632861777432396,residential,7290477.5
940,faridabad,delhi,58,"park,metro",31.097946686473712,commercial,5158029.39
2397,faridabad,delhi,32,"metro,mall",13.948239462300833,residential,14867979.85
1430,faridabad,delhi,28,"metro,mall",18.64607111282387,commercial,8024790.06
1114,faridabad,delhi,43,"mall,school",24.982788112518957,residential,6553435.7
2520,faridabad,delhi,36,"mall,school",31.1992900195033,commercial,13690294.18
736,faridabad,delhi,43,"park,metro",39.93968397800221,commercial,4272064.95
2587,faridabad,delhi,35,"metro,mall",34.78751661141677,residential,17458209.45
1067,faridabad,delhi,30,"mall,school",15.604956007455057,residential,6467308.45
2476,faridabad,delhi,51,"park,metro",11.339403311567994,commercial,14143365.28
1880,faridabad,delhi,57,"metro,mall",12.866148813297944,residential,11189132.08
2848,faridabad,delhi,53,"school,hospital",4.822118360203648,residential,18933111.21
1442,faridabad,delhi,46,"metro,mall",29.937434555645964,commercial,7951006.45
551,faridabad,delhi,54,"mall,school",29.62281228959588,commercial,3373364.92
1070,faridabad,delhi,36,"metro,mall",29.570293204132764,commercial,6740494.25
1504,faridabad,delhi,20,"mall,school",12.48793195444682,commercial,8546000.08
2035,faridabad,delhi,22,"park,metro",34.42058938536009,residential,11174183.45
1083,faridabad,delhi,27,"mall,school",20.867882728271205,commercial,6018991.13
1176,faridabad,delhi,56,"school,hospital",26.687139058507817,commercial,7363958.49
2991,faridabad,delhi,20,"metro,mall",38.24653113928216,residential,19366800.92
2881,faridabad,delhi,42,"metro,mall",8.70487010004215,residential,16902162.18
1723,faridabad,delhi,55,"park,metro",18.214111911612854,residential,9194706.0
2209,faridabad,delhi,29,"school,hospital",13.015329543451523,residential,15228558.38
539,faridabad,delhi,24,"metro,mall",31.683716256148152,commercial,3060335.9
2986,faridabad,delhi,24,"metro,mall",26.710357841053767,commercial,15303021.05
1160,faridabad,delhi,45,"park,metro",25.568792588014368,commercial,7656444.17
745,faridabad,delhi,54,"park,metro",32.32307024618592,residential,4231022.96
2021,faridabad,delhi,47,"school,hospital",34.9089767894018,commercial,13326123.81
1035,faridabad,delhi,44,"park,metro",10.872249506160296,residential,5395564.17
1347,faridabad,delhi,58,"mall,school",29.95215484018432,residential,9224722.17
2822,faridabad,delhi,22,"mall,school",7.3397527848995505,commercial,18303445.29
539,faridabad,delhi,44,"school,hospital",6.514178111898172,commercial,2963385.84
2320,faridabad,delhi,31,"park,metro",32.78024667538085,commercial,13002525.07
1163,faridabad,delhi,36,"school,hospital",39.34320490979654,residential,7583738.11
2398,faridabad,delhi,33,"mall,school",35.652334358635144,residential,12637019.67
1759,faridabad,delhi,47,"school,hospital",9.888803614012847,residential,10633347.69
1051,faridabad,delhi,51,"school,hospital",3.858176492421773,residential,6885740.17
1336,faridabad,delhi,57,"park,metro",11.69640762463734,residential,7356961.07
2594,faridabad,delhi,23,"metro,mall",10.992509915639236,commercial,16261243.11
962,faridabad,delhi,21,"school,hospital",12.823644227266728,residential,5956623.89
1420,faridabad,delhi,46,"mall,school",10.88542245414326,residential,9512713.38
627,faridabad,delhi,43,"mall,school",7.009925593186587,residential,3741710.92
1534,faridabad,delhi,52,"metro,mall",39.85792026934257,commercial,10011673.55
1244,faridabad,delhi,35,"school,hospital",7.400731188235813,residential,8330408.4
2180,faridabad,delhi,38,"park,metro",5.869852635614324,commercial,13441830.64
2361,faridabad,delhi,38,"park,metro",32.25303998489932,residential,12458354.22
1036,faridabad,delhi,27,"park,metro",37.45656350644011,residential,6384690.85
2260,faridabad,delhi,25,"mall,school",7.831680205908641,residential,13678774.76
2728,faridabad,delhi,24,"mall,school",3.765966569170579,residential,15862706.15
1399,faridabad,delhi,45,"metro,mall",23.766109712033714,commercial,7447136.63
779,faridabad,delhi,30,"school,hospital",29.454924485528082,commercial,4309347.88
1039,faridabad,delhi,53,"mall,school",10.764153629043157,residential,6353551.13
1812,faridabad,delhi,35,"mall,school",21.86236183173126,commercial,12489772.45
2904,faridabad,delhi,28,"metro,mall",9.502350937867252,residential,17799702.26
1374,faridabad,delhi,24,"metro,mall",19.557324768366808,residential,7381953.83
2559,faridabad,delhi,33,"mall,school",10.164826087678183,commercial,13486155.81
751,faridabad,delhi,24,"park,metro",39.55169624302207,commercial,3895195.84
1063,faridabad,delhi,31,"mall,school",4.9772698445184815,commercial,5725429.48
1283,faridabad,delhi,29,"mall,school",17.961037278903685,commercial,8717019.41
2035,faridabad,delhi,20,"metro,mall",22.165584397283038,residential,13092338.75
2049,faridabad,delhi,39,"school,hospital",17.66938275572052,residential,11546442.87
1366,faridabad,delhi,60,"park,metro",14.556041658044256,commercial,7734075.73
519,faridabad,delhi,22,"metro,mall",33.89494094274163,residential,3287779.73
2060,faridabad,delhi,43,"metro,mall",39.76751344232936,residential,12450003.07
2627,faridabad,delhi,41,"park,metro",4.830541421046968,residential,13756905.12
2425,faridabad,delhi,57,"park,metro",19.22430958818398,commercial,15629369.08
2455,faridabad,delhi,24,"school,hospital",17.85010850238811,residential,14708829.73
1608,faridabad,delhi,53,"mall,school",13.28728960108644,residential,9220798.11
2986,faridabad,delhi,52,"mall,school",36.714493571489335,residential,19314257.12
2437,faridabad,delhi,52,"metro,mall",4.4613624533924146,commercial,14284020.04
2073,faridabad,delhi,58,"park,metro",30.9321257993591,commercial,12397565.1
2148,faridabad,delhi,34,"school,hospital",3.918725679060005,residential,11603310.93
1808,faridabad,delhi,45,"mall,school",16.275617258102308,commercial,9872526.29
1596,faridabad,delhi,53,"park,metro",3.1586769471853424,residential,9286129.87
1111,faridabad,delhi,30,"school,hospital",24.111405473758257,residential,7172670.07
632,faridabad,delhi,39,"mall,school",27.187383394872434,residential,3395401.68
556,faridabad,delhi,55,"park,metro",19.737162503341825,commercial,3548227.75
2200,faridabad,delhi,60,"metro,mall",4.705330525079944,commercial,12287725.76
1304,faridabad,delhi,23,"park,metro",4.1475862735457385,residential,8888935.17
2175,faridabad,delhi,47,"park,metro",6.834171054014984,commercial,11639999.39
1625,faridabad,delhi,20,"park,metro",20.03182229046409,commercial,10231678.1
2907,faridabad,delhi,20,"school,hospital",27.639743569476025,residential,18363863.79
613,faridabad,delhi,34,"park,metro",6.1889906701060475,commercial,4211571.74
1418,faridabad,delhi,45,"metro,mall",7.362450602429796,commercial,7782269.99
955,faridabad,delhi,32,"mall,school",26.76643700727391,residential,5607185.26
1172,faridabad,delhi,30,"school,hospital",25.423595567641392,commercial,7814921.25
588,faridabad,delhi,55,"school,hospital",32.914971369946706,residential,3818925.17
1560,faridabad,delhi,22,"metro,mall",7.672369907837843,commercial,10658809.2
1395,faridabad,delhi,39,"park,metro",23.155545889568927,commercial,7671907.1
521,faridabad,delhi,30,"park,metro",35.484192611934304,residential,3279128.21
2989,faridabad,delhi,46,"metro,mall",20.219133957318725,commercial,16371688.39
2782,faridabad,delhi,21,"park,metro",12.278418674611324,commercial,14517949.43
580,faridabad,delhi,38,"mall,school",29.416036471794214,residential,3029307.29
2062,faridabad,delhi,59,"metro,mall",35.94193246781916,residential,14213543.12
2530,faridabad,delhi,37,"metro,mall",37.646080486200326,residential,13447734.57
2441,faridabad,delhi,45,"mall,school",3.5645662162394753,residential,14396314.6
870,faridabad,delhi,38,"school,hospital",21.846272139137767,commercial,5749139.8
1470,faridabad,delhi,39,"school,hospital",17.54074905576188,commercial,8355946.28
1062,faridabad,delhi,21,"mall,school",29.956031735731987,residential,5501530.97
2735,faridabad,delhi,45,"metro,mall",18.1948689841673,residential,17368158.71
2688,faridabad,delhi,23,"mall,school",7.223669382423412,residential,17991096.22
586,faridabad,delhi,44,"metro,mall",11.587732135284902,commercial,3966900.51
2144,faridabad,delhi,41,"mall,school",29.466804088339703,residential,13433410.08
2661,faridabad,delhi,46,"mall,school",16.898662113569504,commercial,15485215.23
531,faridabad,delhi,31,"metro,mall",12.903689435125417,residential,2859463.02
2882,faridabad,delhi,37,"metro,mall",39.49601933854686,residential,16029464.11
980,faridabad,delhi,60,"metro,mall",35.3515047298794,commercial,6114537.91
1928,faridabad,delhi,51,"park,metro",33.88944491818803,residential,10492646.12
2524,faridabad,delhi,35,"mall,school",31.56357077399446,residential,17411742.0
2503,faridabad,delhi,31,"metro,mall",35.78887035046509,residential,13529350.87
2169,faridabad,delhi,46,"mall,school",27.813985439554756,residential,13487068.76
2952,faridabad,delhi,55,"park,metro",39.47952548594945,residential,18119226.33
2003,faridabad,delhi,60,"school,hospital",13.665372920756994,commercial,12131319.23
1805,faridabad,delhi,57,"metro,mall",20.78301400405981,commercial,9690729.74
2419,faridabad,delhi,37,"park,metro",20.006074063871708,residential,15829278.6
648,faridabad,delhi,24,"school,hospital",30.821543361294765,commercial,3576161.81
1212,faridabad,delhi,43,"mall,school",27.814069576123043,residential,7729756.4
2728,faridabad,delhi,39,"park,metro",36.17552096237904,residential,13918507.03
715,faridabad,delhi,46,"park,metro",30.247418487147154,commercial,4078305.46
2538,faridabad,delhi,26,"school,hospital",32.51946430594345,commercial,17509343.29
1017,ghaziabad,delhi,24,"park,metro",27.445986941367927,commercial,4986219.56
1229,ghaziabad,delhi,22,"mall,school",18.11401080119598,residential,6120764.35
1370,ghaziabad,delhi,58,"school,hospital",33.677167010898884,commercial,8166636.37
1096,ghaziabad,delhi,25,"metro,mall",8.03442066581129,residential,5499855.75
2068,ghaziabad,delhi,51,"school,hospital",36.253538468269575,commercial,9972251.8
858,ghaziabad,delhi,47,"park,metro",5.17163702702755,commercial,4829843.48
684,ghaziabad,delhi,32,"park,metro",37.150680858824785,commercial,3825245.81
2898,ghaziabad,delhi,55,"school,hospital",39.018421094793574,commercial,17853445.59
796,ghaziabad,delhi,49,"school,hospital",25.20334137519772,commercial,3932132.92
1948,ghaziabad,delhi,40,"mall,school",13.19642560732486,commercial,9607257.63
1205,ghaziabad,delhi,46,"metro,mall",20.202275200409865,residential,6707675.06
1655,ghaziabad,delhi,31,"park,metro",4.616067077945676,commercial,8649340.81
1466,ghaziabad,delhi,57,"park,metro",31.63076431464418,residential,8505148.64
1132,ghaziabad,delhi,31,"metro,mall",7.37593349683708,commercial,6270362.76
1356,ghaziabad,delhi,27,"metro,mall",18.78119198616446,residential,7253427.43
1899,ghaziabad,delhi,27,"mall,school",20.074669023172444,commercial,11625474.51
761,ghaziabad,delhi,38,"mall,school",13.70264212381028,commercial,4573843.04
1298,ghaziabad,delhi,42,"metro,mall",23.024936359400474,residential,7076375.53
1771,ghaziabad,delhi,57,"school,hospital",33.01822942802207,commercial,8325181.15
2849,ghaziabad,delhi,42,"mall,school",4.4009915729573015,commercial,16236209.02
2541,ghaziabad,delhi,52,"mall,school",29.486106312537338,commercial,13657546.28
1357,ghaziabad,delhi,48,"metro,mall",23.67683104005692,commercial,8118418.76
2509,ghaziabad,delhi,32,"metro,mall",10.03859589687698,commercial,13098748.73
554,ghaziabad,delhi,40,"park,metro",20.01382790018551,commercial,2622033.81
1401,ghaziabad,delhi,36,"school,hospital",17.0599233484771,commercial,8218456.23
872,ghaziabad,delhi,29,"park,metro",30.243809099416474,residential,5445312.72
2941,ghaziabad,delhi,57,"park,metro",12.88717748016138,residential,15618445.14
1757,ghaziabad,delhi,53,"school,hospital",20.72108693300681,commercial,10854665.28
2661,ghaziabad,delhi,20,"mall,school",4.858832683788495,commercial,14525186.45
2256,ghaziabad,delhi,35,"metro,mall",13.53547682826452,residential,10815396.7
2189,ghaziabad,delhi,25,"school,hospital",14.6786695735679,residential,10366987.03
2674,ghaziabad,delhi,56,"park,metro",10.588261906957616,commercial,12729294.82
2361,ghaziabad,delhi,27,"school,hospital",36.04702928402953,residential,13101171.11
566,ghaziabad,delhi,31,"mall,school",10.877980602855402,residential,3244780.93
802,ghaziabad,delhi,56,"park,metro",10.441283018376208,residential,4212246.55
1698,ghaziabad,delhi,51,"park,metro",5.268119091681902,residential,8006528.81
2789,ghaziabad,delhi,41,"metro,mall",6.776993398013454,commercial,13115196.77
543,ghaziabad,delhi,51,"park,metro",28.007229487869633,residential,3257514.9
1303,ghaziabad,delhi,54,"park,metro",30.037109368678678,residential,6315785.41
2759,ghaziabad,delhi,33,"park,metro",6.895872615254309,residential,13956299.25
1443,ghaziabad,delhi,32,"mall,school",19.008001718738836,residential,8026747.7
664,ghaziabad,delhi,32,"metro,mall",9.118662366322141,residential,3760430.34
2043,ghaziabad,delhi,48,"metro,mall",6.88800048511944,commercial,10359416.43
2298,ghaziabad,delhi,31,"school,hospital",17.043714904147738,commercial,12932893.35
574,ghaziabad,delhi,41,"park,metro",6.622977336382739,residential,2962205.31
2508,ghaziabad,delhi,27,"mall,school",25.58347357336403,residential,15720790.48
839,ghaziabad,delhi,42,"mall,school",18.79584814894954,residential,4377278.65
1252,ghaziabad,delhi,30,"mall,school",6.712269964386431,commercial,7679052.16
1474,ghaziabad,delhi,35,"mall,school",10.985280004066926,commercial,8718806.8
971,ghaziabad,delhi,36,"park,metro",20.298253605008945,residential,4952164.49
748,ghaziabad,delhi,30,"park,metro",31.21716994665912,commercial,4199232.17
1632,ghaziabad,delhi,46,"school,hospital",7.956156560280487,commercial,9409228.73
1190,ghaziabad,delhi,55,"park,metro",30.227673671304718,commercial,6158133.49
2511,ghaziabad,delhi,57,"metro,mall",31.66674097571526,commercial,15621075.55
647,ghaziabad,delhi,31,"mall,school",8.349567945027765,residential,3338573.07
1042,ghaziabad,delhi,27,"school,hospital",36.354285336894044,commercial,5458140.97
1103,ghaziabad,delhi,29,"metro,mall",39.68535509863506,commercial,6015265.85
2705,ghaziabad,delhi,53,"mall,school",14.709178480455432,residential,16866271.79
530,ghaziabad,delhi,31,"mall,school",30.63259880563955,commercial,3213381.96
625,ghaziabad,delhi,44,"school,hospital",21.467613101895463,commercial,3025959.46
2578,ghaziabad,delhi,21,"mall,school",28.534934903001563,commercial,15641899.66
1747,ghaziabad,delhi,49,"mall,school",5.368635136446502,commercial,9695007.24
1744,ghaziabad,delhi,58,"mall,school",9.660742641996057,residential,9990227.88
910,ghaziabad,delhi,54,"park,metro",12.973321543065614,commercial,5040902.56
2170,ghaziabad,delhi,50,"park,metro",3.842702218759232,residential,12627626.99
1734,ghaziabad,delhi,26,"mall,school",5.605940812562814,residential,9362132.44
1276,ghaziabad,delhi,55,"mall,school",17.82885487013349,commercial,7583015.31
601,ghaziabad,delhi,52,"school,hospital",6.961168396476519,residential,3347211.79
1143,ghaziabad,delhi,44,"mall,school",20.651955526694103,commercial,7098278.79
2170,ghaziabad,delhi,26,"metro,mall",13.891336392452217,residential,11824936.27
1472,ghaziabad,delhi,40,"mall,school",26.452186869033525,commercial,9134959.72
2711,ghaziabad,delhi,49,"metro,mall",28.86093793035896,commercial,13956284.92
2329,ghaziabad,delhi,39,"mall,school",21.787638327531507,commercial,11208390.07
2232,ghaziabad,delhi,56,"park,metro",35.29995066056406,commercial,10607104.38
2831,ghaziabad,delhi,56,"park,metro",23.158601570110203,commercial,16699047.33
1399,ghaziabad,delhi,38,"school,hospital",9.014850582677964,residential,8275048.15
1029,ghaziabad,delhi,24,"school,hospital",7.8360904830656395,commercial,6211961.54
1623,ghaziabad,delhi,28,"park,metro",11.763884521620056,residential,9241130.31
2072,ghaziabad,delhi,35,"metro,mall",29.964712509229138,residential,11181522.95
1560,ghaziabad,delhi,36,"metro,mall",28.808544995854025,commercial,8631491.49
2909,ghaziabad,delhi,46,"metro,mall",5.307685715625105,residential,14888115.11
940,ghaziabad,delhi,57,"mall,school",39.15756198760866,commercial,5442626.56
2829,ghaziabad,delhi,36,"metro,mall",34.547381875340434,residential,14378319.62
645,ghaziabad,delhi,42,"metro,mall",7.16063049668304,residential,3210020.21
2653,ghaziabad,delhi,28,"park,metro",36.91940100381865,residential,16472084.05
1966,ghaziabad,delhi,55,"mall,school",26.254746528541443,commercial,9264340.85
1070,ghaziabad,delhi,58,"school,hospital",19.62443707439431,residential,5378741.55
2232,ghaziabad,delhi,59,"metro,mall",19.466657752356078,residential,13430784.44
1342,ghaziabad,delhi,22,"mall,school",35.326175150266344,commercial,6704041.7
1469,ghaziabad,delhi,44,"school,hospital",17.2444261007311,commercial,8957722.83
2237,ghaziabad,delhi,29,"school,hospital",10.778371172846882,residential,13029248.9
944,ghaziabad,delhi,24,"metro,mall",35.24446443460338,commercial,5419473.64
1236,ghaziabad,delhi,46,"school,hospital",38.617504755565115,residential,6245205.23
2401,ghaziabad,delhi,26,"metro,mall",15.92628399866167,commercial,13106881.91
1559,ghaziabad,delhi,34,"school,hospital",25.15588710889238,commercial,8773706.02
2033,ghaziabad,delhi,53,"metro,mall",11.283298504477145,commercial,10537745.43
2869,ghaziabad,delhi,41,"park,metro",31.51174869348266,commercial,17560882.02
2172,ghaziabad,delhi,41,"metro,mall",33.18026484432501,residential,12829627.65
922,ghaziabad,delhi,35,"school,hospital",39.49083913250089,residential,5078986.05
830,ghaziabad,delhi,44,"mall,school",3.7043368556417224,commercial,3976806.47
2011,ghaziabad,delhi,57,"metro,mall",10.167345617470447,residential,12078483.7
1258,ghaziabad,delhi,55,"mall,school",19.49405675389768,commercial,6658797.31
2579,ghaziabad,delhi,45,"mall,school",34.818090776499034,commercial,15458411.93
2230,ghaziabad,delhi,53,"park,metro",37.3362965617898,commercial,13834295.52
2619,ghaziabad,delhi,28,"metro,mall",8.201847874190022,commercial,13160070.69
1442,ghaziabad,delhi,43,"park,metro",7.783717264258446,commercial,8031340.6
903,ghaziabad,delhi,26,"mall,school",37.69783455874429,commercial,5631138.97
2089,ghaziabad,delhi,47,"metro,mall",31.789231119449507,commercial,10828363.49
1350,ghaziabad,delhi,36,"school,hospital",27.582349305017992,commercial,6606268.2
1785,ghaziabad,delhi,42,"park,metro",34.36519472136935,residential,9736076.24
827,ghaziabad,delhi,22,"metro,mall",10.0464544799533,residential,4858589.33
1693,ghaziabad,delhi,24,"metro,mall",11.92359221046704,commercial,9232815.02
1059,ghaziabad,delhi,28,"mall,school",28.921566936813857,residential,5716521.64
688,ghaziabad,delhi,20,"mall,school",15.438462613564475,commercial,4062412.86
2835,ghaziabad,delhi,39,"park,metro",15.26858890924625,commercial,13726648.34
1195,ghaziabad,delhi,38,"mall,school",30.04649622637608,residential,7160207.3
610,ghaziabad,delhi,36,"park,metro",38.394829873961235,residential,3539449.79
1216,ghaziabad,delhi,20,"park,metro",6.662144999972197,commercial,7137826.32
987,ghaziabad,delhi,44,"school,hospital",23.20058352644647,residential,5511224.68
2954,ghaziabad,delhi,38,"mall,school",6.779175159393511,commercial,18416581.23
637,ghaziabad,delhi,54,"mall,school",34.697554252290004,commercial,3880366.51
2883,ghaziabad,delhi,48,"mall,school",25.501602855135754,commercial,17187577.66
1053,ghaziabad,delhi,60,"metro,mall",29.243247687963088,residential,4963571.33
2583,ghaziabad,delhi,35,"park,metro",19.021019735649777,residential,15640118.14
740,ghaziabad,delhi,49,"park,metro",17.69488515924678,commercial,3658915.78
2398,ghaziabad,delhi,33,"park,metro",34.36925595161372,commercial,12747005.63
1227,ghaziabad,delhi,38,"school,hospital",5.566318048992545,residential,6174390.53
2293,ghaziabad,delhi,23,"school,hospital",39.696174986575734,residential,13601624.24
552,ghaziabad,delhi,35,"mall,school",14.902905561071139,commercial,3260275.56
2119,ghaziabad,delhi,40,"metro,mall",36.04833756697323,residential,12414958.17
1138,ghaziabad,delhi,53,"metro,mall",18.69318409249455,commercial,6165939.81
1891,ghaziabad,delhi,38,"school,hospital",23.447068507662635,residential,11106250.21
735,ghaziabad,delhi,41,"mall,school",10.709215437846655,commercial,3885029.31
819,ghaziabad,delhi,24,"mall,school",28.79394023865378,commercial,4411033.69
1169,ghaziabad,delhi,52,"mall,school",31.07057755946275,residential,5527101.23
1422,ghaziabad,delhi,48,"metro,mall",14.393924052450835,residential,7698775.68
1802,ghaziabad,delhi,41,"mall,school",34.42947305668751,residential,9502116.83
2095,ghaziabad,delhi,35,"mall,school",7.834077619738539,residential,10700247.25
2851,ghaziabad,delhi,39,"school,hospital",26.81092494167202,residential,18027928.88
1606,ghaziabad,delhi,39,"metro,mall",34.38302949244428,commercial,8914086.75
1896,ghaziabad,delhi,26,"school,hospital",11.691180097000009,residential,9404734.98
2551,ghaziabad,delhi,24,"park,metro",7.117356556608412,residential,14178211.06
2040,ghaziabad,delhi,34,"metro,mall",4.85899844297305,residential,11641209.93
916,ghaziabad,delhi,52,"mall,school",10.550117562937366,commercial,4626753.76
1599,ghaziabad,delhi,36,"metro,mall",36.64074833246182,residential,8633552.42
846,ghaziabad,delhi,30,"metro,mall",15.56008806711064,commercial,4937848.74
1847,ghaziabad,delhi,20,"metro,mall",18.420299988844718,commercial,9682985.13
2214,ghaziabad,delhi,21,"school,hospital",24.82907580681421,commercial,13560433.24
1391,ghaziabad,delhi,27,"school,hospital",3.837031903797551,commercial,8014150.38
1963,ghaziabad,delhi,56,"school,hospital",15.67691561201347,residential,9944219.83
509,central_delhi,delhi,42,"park,metro",8.2039930222328,residential,17293575.91
1732,central_delhi,delhi,32,"park,metro",23.232226742041377,residential,63844921.66
705,central_delhi,delhi,50,"park,metro",23.556890963023644,commercial,23889621.94
990,central_delhi,delhi,57,"school,hospital",32.97308187426107,residential,34591744.22
2927,central_delhi,delhi,27,"metro,mall",39.66866909259013,commercial,100918610.25
1798,central_delhi,delhi,59,"metro,mall",21.13873695916801,residential,59701778.74
1116,central_delhi,delhi,59,"park,metro",36.14070797400121,commercial,34137277.86
1790,central_delhi,delhi,57,"mall,school",31.687561739648306,commercial,54778851.75
1920,central_delhi,delhi,29,"metro,mall",27.860453210976928,commercial,62515506.17
2714,central_delhi,delhi,36,"park,metro",35.66214917254737,residential,89092627.73
2194,central_delhi,delhi,43,"metro,mall",11.641467692772153,commercial,67018008.1
861,central_delhi,delhi,58,"school,hospital",32.44788804367964,residential,31255451.11
940,central_delhi,delhi,29,"metro,mall",5.570056476806117,commercial,28217163.86
586,central_delhi,delhi,45,"school,hospital",9.625320275029853,commercial,19886860.55
2548,central_delhi,delhi,30,"park,metro",7.322846905389292,commercial,100605712.36
585,central_delhi,delhi,53,"school,hospital",39.32009241240253,residential,18932170.14
768,central_delhi,delhi,45,"park,metro",31.097214200660034,commercial,29642443.54
1281,central_delhi,delhi,57,"park,metro",8.368016007117637,commercial,44299292.11
1801,central_delhi,delhi,31,"school,hospital",11.315765546515532,residential,66329566.19
2395,central_delhi,delhi,42,"metro,mall",15.32447968971622,commercial,90170511.55
2514,central_delhi,delhi,36,"school,hospital",11.054712730952994,commercial,75418654.8
1955,central_delhi,delhi,59,"park,metro",26.431159059323964,residential,74416971.65
2820,central_delhi,delhi,29,"park,metro",14.251448545418933,residential,94915441.94
2781,central_delhi,delhi,35,"park,metro",32.22618265072309,commercial,100939952.38
1989,central_delhi,delhi,29,"mall,school",15.64857324617137,residential,69281460.28
629,central_delhi,delhi,38,"park,metro",23.655434469177568,residential,19175066.07
2705,central_delhi,delhi,54,"mall,school",32.830289719260534,residential,88202518.42
1387,central_delhi,delhi,50,"school,hospital",36.144149859766344,residential,51668734.82
2319,central_delhi,delhi,40,"mall,school",7.353230531706973,commercial,89469924.39
1268,central_delhi,delhi,42,"metro,mall",27.332902192114478,residential,43254210.93
2561,central_delhi,delhi,60,"metro,mall",22.0965972095705,commercial,101222366.74
1673,central_delhi,delhi,41,"park,metro",16.269358113167563,commercial,53525197.9
1916,central_delhi,delhi,44,"mall,school",12.370369869432412,commercial,66230895.36
1448,central_delhi,delhi,50,"metro,mall",16.925067132788982,commercial,50506317.44
982,central_delhi,delhi,22,"metro,mall",17.842129246175272,commercial,35318905.24
2954,central_delhi,delhi,34,"mall,school",22.911027685823875,residential,112091914.77
2512,central_delhi,delhi,58,"school,hospital",9.120552897951628,commercial,97009092.95
1195,central_delhi,delhi,36,"school,hospital",30.015181085679387,commercial,44112388.84
2080,central_delhi,delhi,47,"school,hospital",31.815707415188548,commercial,79099689.71
1528,central_delhi,delhi,42,"mall,school",28.995890749128385,residential,60843590.19
1078,central_delhi,delhi,57,"park,metro",16.396671253544035,commercial,42901808.35
2840,central_delhi,delhi,39,"park,metro",33.94586572607903,commercial,91753079.3
2460,central_delhi,delhi,56,"school,hospital",30.388587110526,residential,78481200.91
1754,central_delhi,delhi,54,"metro,mall",13.91848147459402,residential,64159941.59
2678,central_delhi,delhi,30,"metro,mall",10.452091233746668,residential,105562385.55
1217,central_delhi,delhi,39,"mall,school",4.2611488945450064,commercial,43728100.34
826,central_delhi,delhi,54,"mall,school",10.130270225058686,commercial,32798970.2
2362,central_delhi,delhi,34,"mall,school",39.55486652759327,commercial,80864935.74
2193,central_delhi,delhi,36,"metro,mall",35.861081686502814,residential,83883765.19
2406,central_delhi,delhi,32,"metro,mall",15.191593485395488,residential,85430610.32
1177,central_delhi,delhi,26,"park,metro",4.665994943127707,residential,35746799.34
544,central_delhi,delhi,37,"mall,school",33.62441590188297,residential,21259777.27
636,central_delhi,delhi,60,"park,metro",8.88813185277647,residential,25145932.58
771,central_delhi,delhi,39,"school,hospital",23.012448598719747,commercial,29654027.91
2371,central_delhi,delhi,43,"school,hospital",6.6030313384315145,commercial,82614095.24
2075,central_delhi,delhi,27,"school,hospital",9.654943654659998,residential,81783329.6
2293,central_delhi,delhi,36,"metro,mall",29.122958417398387,commercial,84484009.15
2054,central_delhi,delhi,42,"park,metro",39.38236401162771,commercial,72630711.32
2623,central_delhi,delhi,34,"metro,mall",12.108543094537259,residential,88804367.14
2391,central_delhi,delhi,33,"park,metro",30.84813614231802,commercial,82574118.35
2610,central_delhi,delhi,28,"school,hospital",37.75045800258579,commercial,91790175.04
2914,central_delhi,delhi,58,"school,hospital",27.697860901887786,commercial,97418925.98
616,central_delhi,delhi,37,"school,hospital",37.84248349362883,residential,21817010.78
1036,central_delhi,delhi,23,"metro,mall",36.568646069232464,commercial,31227073.63
2167,central_delhi,delhi,59,"mall,school",14.359150903192488,residential,82174352.44
2325,central_delhi,delhi,43,"school,hospital",26.439920644195514,residential,84621095.49
2830,central_delhi,delhi,56,"mall,school",14.845158348934294,commercial,92541220.94
1025,central_delhi,delhi,31,"park,metro",34.2533822062931,residential,35992742.4
2322,central_delhi,delhi,49,"mall,school",3.2865309537502947,residential,91870975.58
2147,central_delhi,delhi,43,"school,hospital",29.15384329039939,commercial,66026936.07
2328,central_delhi,delhi,55,"metro,mall",15.70124000644795,residential,76032942.42
2165,central_delhi,delhi,50,"mall,school",33.00678964178859,residential,80939752.33
2272,central_delhi,delhi,56,"park,metro",39.7854453791723,residential,85823278.52
2411,central_delhi,delhi,54,"park,metro",25.724027342459877,residential,77211665.2
1178,central_delhi,delhi,20,"mall,school",15.321194713058116,residential,38477677.05
735,central_delhi,delhi,55,"park,metro",12.035307017016603,commercial,26322050.11
795,central_delhi,delhi,30,"mall,school",32.935074826875535,commercial,28413954.1
1279,central_delhi,delhi,43,"mall,school",13.451397644441293,commercial,49355121.91
1076,central_delhi,delhi,29,"metro,mall",37.11284931450108,residential,33408640.88
1465,central_delhi,delhi,58,"mall,school",4.246084526495741,residential,43945867.41
1011,central_delhi,delhi,26,"school,hospital",5.635733843614854,residential,35637205.04
2024,central_delhi,delhi,47,"park,metro",13.333725004466897,commercial,71076028.34
1808,central_delhi,delhi,27,"park,metro",3.3928559302709167,commercial,69793954.54
2761,central_delhi,delhi,27,"school,hospital",38.45234065676319,commercial,105499966.27
2899,central_delhi,delhi,51,"mall,school",28.646610357962253,residential,110324053.65
1236,central_delhi,delhi,42,"school,hospital",6.816851274602639,residential,46518249.16
1132,central_delhi,delhi,25,"mall,school",11.203227277292505,residential,36010889.9
2674,central_delhi,delhi,36,"metro,mall",14.043173097341626,commercial,96309535.88
918,central_delhi,delhi,42,"mall,school",3.4520749824138965,residential,29021006.84
1328,central_delhi,delhi,47,"school,hospital",35.09367757339849,commercial,50020028.69
713,central_delhi,delhi,51,"school,hospital",33.11072377212214,residential,28627250.95
1621,central_delhi,delhi,22,"mall,school",22.861763612654393,commercial,60795979.16
2461,central_delhi,delhi,20,"park,metro",27.938861004637893,residential,81997304.77
2937,central_delhi,delhi,54,"park,metro",38.34820815062825,residential,92347146.88
2375,central_delhi,delhi,38,"metro,mall",11.53614947910657,residential,74550501.87
2188,central_delhi,delhi,24,"mall,school",34.64825093769956,commercial,85682305.0
1137,central_delhi,delhi,33,"park,metro",27.72212631833044,commercial,36441596.99
2903,central_delhi,delhi,50,"school,hospital",10.82980295040346,commercial,90189024.72
1417,central_delhi,delhi,26,"school,hospital",32.0455734588074,residential,43362923.41
1930,central_delhi,delhi,56,"park,metro",16.24680794727948,residential,68814881.6
1173,central_delhi,delhi,56,"park,metro",3.520827500735118,commercial,46515650.86
817,central_delhi,delhi,46,"mall,school",4.752084523958212,residential,32674883.1
2092,central_delhi,delhi,58,"metro,mall",9.778467712937946,residential,82784463.5
1959,central_delhi,delhi,31,"school,hospital",13.796783251350524,commercial,74360654.78
2962,central_delhi,delhi,32,"metro,mall",20.06286042009519,residential,116818080.88
772,central_delhi,delhi,33,"metro,mall",14.063232665569103,commercial,24544495.81
1092,central_delhi,delhi,45,"park,metro",32.926874982707304,commercial,36631976.29
798,central_delhi,delhi,47,"mall,school",7.46179621725927,commercial,25076560.01
967,central_delhi,delhi,49,"mall,school",24.176081874503733,commercial,38657495.36
1806,central_delhi,delhi,47,"school,hospital",21.82880043012048,commercial,66826263.44
2928,central_delhi,delhi,43,"school,hospital",34.35183308596209,residential,108005430.08
2056,central_delhi,delhi,45,"school,hospital",22.947592298645162,commercial,70480985.8
2362,central_delhi,delhi,50,"metro,mall",21.15153217571788,residential,93018753.82
1349,central_delhi,delhi,21,"park,metro",19.960598385929792,commercial,51455519.34
2913,central_delhi,delhi,58,"school,hospital",27.685198916170364,residential,92547882.21
1066,central_delhi,delhi,24,"park,metro",9.470927300137278,commercial,42290565.15
2543,central_delhi,delhi,27,"park,metro",11.389948133436299,residential,79457990.54
1919,central_delhi,delhi,58,"mall,school",5.298624035292448,commercial,69345149.77
2685,central_delhi,delhi,46,"park,metro",35.98095596390297,residential,107353146.29
567,central_delhi,delhi,43,"mall,school",20.692527835266677,commercial,19685772.8
915,central_delhi,delhi,37,"metro,mall",3.2672046026141413,residential,27323741.55
2517,central_delhi,delhi,57,"mall,school",37.55577244670559,residential,88275836.57
1585,central_delhi,delhi,22,"park,metro",17.326620673395837,commercial,61568765.66
2582,central_delhi,delhi,57,"mall,school",13.972380065961008,commercial,79793963.09
1974,central_delhi,delhi,39,"mall,school",5.08460996848526,commercial,68713841.45
2451,central_delhi,delhi,43,"metro,mall",14.324080145164777,residential,79373978.55
2505,central_delhi,delhi,21,"school,hospital",11.772166727817966,residential,88448680.84
1676,central_delhi,delhi,30,"school,hospital",31.608907325344237,residential,64912525.51
2013,central_delhi,delhi,46,"park,metro",37.8196624056919,commercial,79135879.06
787,central_delhi,delhi,60,"school,hospital",9.726610139835639,residential,27409504.93
1441,central_delhi,delhi,52,"metro,mall",22.396545078972057,residential,48182952.48
584,central_delhi,delhi,58,"park,metro",39.538300986870524,residential,23008033.83
712,central_delhi,delhi,53,"school,hospital",7.473718477212252,commercial,21410880.58
1403,central_delhi,delhi,24,"park,metro",14.596257021879252,residential,51029580.87
1979,central_delhi,delhi,31,"school,hospital",8.608519128240811,commercial,65146485.07
1221,central_delhi,delhi,22,"metro,mall",33.473878212517825,commercial,48512782.06
970,central_delhi,delhi,23,"park,metro",37.69268027800558,residential,32993774.88
520,central_delhi,delhi,38,"metro,mall",29.77517266737501,commercial,19599696.88
2123,central_delhi,delhi,33,"park,metro",21.149850542489492,residential,73893771.49
2920,central_delhi,delhi,20,"metro,mall",30.629922514163006,commercial,98218662.54
2810,central_delhi,delhi,28,"metro,mall",4.8272644968953795,residential,86359952.02
1145,central_delhi,delhi,36,"metro,mall",26.39823319982953,residential,38793263.73
1601,central_delhi,delhi,37,"metro,mall",31.607157939181963,residential,62128111.02
1515,central_delhi,delhi,22,"metro,mall",32.385438857916895,residential,55724206.52
2512,central_delhi,delhi,55,"park,metro",4.0501790457393305,residential,83787708.52
1058,central_delhi,delhi,50,"park,metro",4.209177967988843,commercial,39642173.53
2589,central_delhi,delhi,28,"mall,school",16.082645046022627,commercial,82810305.44
1704,central_delhi,delhi,28,"park,metro",24.59052589128565,residential,60997393.38
1497,central_delhi,delhi,44,"park,metro",12.685629982065416,residential,48812069.67
2569,central_delhi,delhi,55,"school,hospital",24.069615317865228,commercial,94980772.19
2481,south_delhi,delhi,33,"school,hospital",25.66137003833131,commercial,69477443.19
584,south_delhi,delhi,43,"park,metro",39.063907989789634,commercial,16229127.9
1801,south_delhi,delhi,29,"mall,school",3.324314522842897,residential,50541297.29
2811,south_delhi,delhi,32,"mall,school",8.047586404574231,commercial,69634212.52
596,south_delhi,delhi,43,"metro,mall",8.708210558502781,residential,18360067.43
2274,south_delhi,delhi,40,"metro,mall",9.13235874173743,residential,59030665.3
2021,south_delhi,delhi,56,"metro,mall",34.76510895797256,residential,54195045.05
2537,south_delhi,delhi,36,"school,hospital",38.07359602622444,commercial,70787473.33
603,south_delhi,delhi,41,"school,hospital",3.1081407549246887,commercial,16746822.47
2534,south_delhi,delhi,30,"park,metro",31.14255136950669,commercial,77036392.2
2804,south_delhi,delhi,34,"park,metro",10.61771091251346,residential,81396187.52
894,south_delhi,delhi,52,"park,metro",34.749813400096656,commercial,22092208.56
893,south_delhi,delhi,38,"metro,mall",29.298220471865985,commercial,25484601.44
834,south_delhi,delhi,41,"park,metro",10.70365390273797,residential,22919183.42
2251,south_delhi,delhi,43,"school,hospital",20.17171314912042,commercial,67609593.24
2437,south_delhi,delhi,26,"metro,mall",29.097084412069496,residential,76618428.6
1524,south_delhi,delhi,48,"mall,school",26.12591117890539,residential,37297297.14
1372,south_delhi,delhi,47,"metro,mall",20.80747817055032,residential,32919235.36
2070,south_delhi,delhi,36,"park,metro",26.829605674146446,residential,63318711.94
917,south_delhi,delhi,25,"mall,school",19.25312033236553,residential,24410567.34
1060,south_delhi,delhi,32,"metro,mall",39.7808680134907,residential,30232857.89
1186,south_delhi,delhi,31,"park,metro",18.95874389083442,commercial,30066433.29
2984,south_delhi,delhi,58,"metro,mall",26.038410922387992,residential,93701328.36
1405,south_delhi,delhi,53,"mall,school",36.2576976106419,commercial,33619094.48
2725,south_delhi,delhi,45,"park,metro",8.20554546621507,commercial,82710424.54
1918,south_delhi,delhi,59,"school,hospital",34.30829051246148,residential,60302230.54
1827,south_delhi,delhi,35,"school,hospital",9.091132871689862,residential,50244524.85
1374,south_delhi,delhi,59,"metro,mall",26.88503231341443,commercial,34328157.77
2925,south_delhi,delhi,21,"metro,mall",36.696161575364705,residential,81355896.69
1563,south_delhi,delhi,54,"school,hospital",4.566462646689406,residential,40009941.24
1167,south_delhi,delhi,46,"school,hospital",35.319343755568156,commercial,29171456.29
2367,south_delhi,delhi,23,"school,hospital",24.130203322214964,residential,58813167.94
2083,south_delhi,delhi,58,"metro,mall",22.374805563597842,commercial,64564055.61
1076,south_delhi,delhi,38,"school,hospital",15.249353364059777,commercial,32100510.84
1996,south_delhi,delhi,26,"mall,school",18.068832031972732,residential,53233273.71
2501,south_delhi,delhi,21,"metro,mall",32.46369105716689,residential,59705570.65
2500,south_delhi,delhi,24,"park,metro",17.57834750038402,commercial,73364918.65
1506,south_delhi,delhi,28,"school,hospital",35.58041172452034,commercial,37739037.17
872,south_delhi,delhi,41,"metro,mall",21.691236137126445,commercial,21810862.28
822,south_delhi,delhi,57,"park,metro",18.021936920654134,residential,21882148.39
1988,south_delhi,delhi,26,"school,hospital",31.461662396351365,residential,48325592.05
2825,south_delhi,delhi,21,"metro,mall",26.41754827843072,commercial,75276087.54
1901,south_delhi,delhi,35,"school,hospital",29.901515739614783,commercial,53888775.66
1338,south_delhi,delhi,60,"park,metro",17.589416271113905,commercial,34660257.54
2664,south_delhi,delhi,51,"school,hospital",21.024066302279294,residential,71452484.56
1970,south_delhi,delhi,60,"school,hospital",27.716016427842497,residential,52799991.56
1989,south_delhi,delhi,41,"mall,school",24.921472547449568,commercial,52228854.1
2561,south_delhi,delhi,20,"park,metro",33.92534552408523,commercial,67807144.23
570,south_delhi,delhi,20,"school,hospital",18.63062988736776,residential,14308082.57
776,south_delhi,delhi,53,"park,metro",7.384037491119698,residential,21219959.08
1338,south_delhi,delhi,40,"mall,school",18.388527493844506,residential,32375577.02
2429,south_delhi,delhi,44,"mall,school",31.24068845338276,residential,76013028.39
737,south_delhi,delhi,26,"park,metro",28.849329496693336,commercial,17912907.69
1483,south_delhi,delhi,36,"park,metro",23.136786811833186,commercial,43123174.95
520,south_delhi,delhi,45,"metro,mall",26.45251987413307,commercial,14012132.88
1367,south_delhi,delhi,54,"park,metro",13.210919515030882,residential,42668606.13
1674,south_delhi,delhi,56,"park,metro",12.058149312526849,residential,44562224.25
1466,south_delhi,delhi,50,"school,hospital",9.095927918204868,commercial,44144730.66
2248,south_delhi,delhi,35,"metro,mall",3.242049231129376,commercial,69947091.27
2516,south_delhi,delhi,29,"school,hospital",22.26919067282775,commercial,72579068.7
1965,south_delhi,delhi,60,"metro,mall",21.35942267195527,commercial,58292997.71
2085,south_delhi,delhi,24,"mall,school",24.225493934220985,commercial,61012375.71
1901,south_delhi,delhi,24,"school,hospital",19.23726891265383,residential,57027180.11
2546,south_delhi,delhi,51,"metro,mall",34.81099213585802,commercial,80150988.64
1967,south_delhi,delhi,21,"mall,school",36.4002868161761,residential,56371651.88
2201,south_delhi,delhi,27,"school,hospital",28.00737520352445,residential,53847032.84
1633,south_delhi,delhi,22,"school,hospital",8.639628204102987,commercial,48029011.65
680,south_delhi,delhi,48,"metro,mall",7.901019789488329,commercial,19240990.53
2489,south_delhi,delhi,38,"mall,school",20.375018387555233,residential,65484528.1
1445,south_delhi,delhi,59,"metro,mall",23.210613375905446,residential,37921902.43
1503,south_delhi,delhi,23,"metro,mall",37.539328019080514,commercial,38406550.95
2141,south_delhi,delhi,53,"mall,school",12.74786162738552,residential,58802542.72
796,south_delhi,delhi,21,"mall,school",16.978259939783857,commercial,22664449.7
1177,south_delhi,delhi,55,"park,metro",7.693988119417879,residential,33106147.47
1914,south_delhi,delhi,54,"school,hospital",28.71557357867433,commercial,61217057.73
1655,south_delhi,delhi,34,"mall,school",13.271502013255983,residential,45506620.3
1779,south_delhi,delhi,51,"park,metro",29.74942570453808,residential,55535954.64
2505,south_delhi,delhi,46,"metro,mall",39.15694503756214,residential,62973370.6
1668,south_delhi,delhi,29,"school,hospital",14.630610714811674,residential,53504026.06
2710,south_delhi,delhi,24,"mall,school",11.635334405983045,residential,85424798.37
926,south_delhi,delhi,50,"school,hospital",27.54818308536473,residential,28169150.3
1099,south_delhi,delhi,40,"school,hospital",22.615591933724932,commercial,29177916.86
1554,south_delhi,delhi,49,"mall,school",33.06719628934021,commercial,41793226.99
813,south_delhi,delhi,34,"park,metro",31.158585915388734,residential,19723206.3
1006,south_delhi,delhi,59,"school,hospital",36.32441042153347,commercial,29493193.99
1275,south_delhi,delhi,57,"school,hospital",14.191096635377445,residential,37381754.54
2646,south_delhi,delhi,57,"school,hospital",15.06377356321752,residential,66021128.92
2108,south_delhi,delhi,60,"metro,mall",37.65069172553148,commercial,66982002.6
2106,south_delhi,delhi,38,"school,hospital",11.539929766311216,residential,65549831.54
763,south_delhi,delhi,40,"school,hospital",15.745218656351435,residential,22331279.33
2280,south_delhi,delhi,43,"school,hospital",5.441753542314787,residential,63277526.41
2692,south_delhi,delhi,36,"school,hospital",35.40438644347822,commercial,69687160.03
1034,south_delhi,delhi,29,"school,hospital",39.70681854168883,commercial,24616791.94
1007,south_delhi,delhi,42,"metro,mall",3.4207220411550585,commercial,30944391.82
618,south_delhi,delhi,58,"park,metro",11.964589223495,residential,17906023.06
2003,south_delhi,delhi,34,"mall,school",22.031350584932323,residential,53427446.78
1561,south_delhi,delhi,27,"park,metro",20.27465567987528,residential,39336085.87
2349,south_delhi,delhi,33,"school,hospital",29.159426674255016,commercial,65058039.15
2860,south_delhi,delhi,30,"school,hospital",8.974959078156333,residential,69528642.36
2743,south_delhi,delhi,35,"school,hospital",38.09613348931781,commercial,81077105.95
1080,south_delhi,delhi,38,"park,metro",22.771622091175292,commercial,32615080.98
529,south_delhi,delhi,21,"park,metro",17.0173886914544,commercial,15493634.64
1344,south_delhi,delhi,38,"park,metro",24.644370750760913,residential,40831362.82
1605,south_delhi,delhi,20,"mall,school",10.665471506161857,residential,49287301.27
2806,south_delhi,delhi,55,"school,hospital",29.39561282304015,residential,69122943.68
600,south_delhi,delhi,43,"school,hospital",11.664072894564347,commercial,15213196.47
2334,south_delhi,delhi,27,"school,hospital",3.2539104910267325,commercial,59721603.84
1840,south_delhi,delhi,23,"park,metro",32.21635327329821,residential,52007856.82
1175,south_delhi,delhi,57,"mall,school",15.295303761083865,residential,31612327.18
1728,south_delhi,delhi,37,"mall,school",20.257125494928278,commercial,44178461.42
2977,south_delhi,delhi,57,"metro,mall",10.033463949018742,commercial,82250408.73
2588,south_delhi,delhi,56,"school,hospital",34.438849720935785,commercial,79457681.68
2628,south_delhi,delhi,57,"mall,school",6.146753921880743,residential,68412089.4
1767,south_delhi,delhi,31,"metro,mall",31.918405463016903,commercial,45669199.76
1733,south_delhi,delhi,21,"metro,mall",28.00085895446396,residential,46391364.65
2647,south_delhi,delhi,36,"mall,school",34.77458853035981,commercial,83748740.7
2447,south_delhi,delhi,55,"metro,mall",14.869075429892398,residential,73050518.68
1687,south_delhi,delhi,48,"metro,mall",30.36337972585186,residential,46056190.41
1373,south_delhi,delhi,58,"metro,mall",20.423993381716734,residential,37266695.87
2130,south_delhi,delhi,45,"park,metro",14.593469803927354,residential,63691987.45
505,south_delhi,delhi,23,"mall,school",19.99697202164689,commercial,14583291.39
1841,south_delhi,delhi,53,"metro,mall",35.448958933963624,commercial,49317414.66
1649,south_delhi,delhi,58,"park,metro",11.996239393495001,commercial,50314807.06
1389,south_delhi,delhi,47,"school,hospital",15.045691181281118,residential,36540355.24
2583,south_delhi,delhi,38,"metro,mall",13.481760476912953,commercial,62474446.15
1943,south_delhi,delhi,52,"metro,mall",21.15051078069035,residential,61137177.85
2959,south_delhi,delhi,59,"school,hospital",24.184673371505525,residential,83646022.88
1458,south_delhi,delhi,33,"mall,school",21.983607881839607,residential,43635385.16
855,south_delhi,delhi,41,"park,metro",10.81070232323086,commercial,21837789.59
2153,south_delhi,delhi,47,"school,hospital",15.315729011326637,commercial,61595874.15
1414,south_delhi,delhi,36,"metro,mall",10.652858539767774,residential,43024505.39
1901,south_delhi,delhi,20,"mall,school",8.05259171425022,commercial,59230171.89
2981,south_delhi,delhi,34,"school,hospital",10.470860990182501,residential,92038857.78
2352,south_delhi,delhi,41,"school,hospital",37.568193679529294,commercial,72844502.32
2390,south_delhi,delhi,22,"park,metro",37.46006908865732,residential,66204090.39
2202,south_delhi,delhi,57,"park,metro",23.404751335398736,commercial,69974086.46
1708,south_delhi,delhi,46,"metro,mall",23.30123009943272,residential,46621569.68
856,south_delhi,delhi,42,"school,hospital",37.3613662874149,residential,22239258.63
2569,south_delhi,delhi,46,"metro,mall",8.100698680564438,commercial,68786598.92
519,south_delhi,delhi,59,"school,hospital",29.793560828501715,residential,15131516.05
2554,south_delhi,delhi,59,"mall,school",6.753621954315906,commercial,77240887.23
511,south_delhi,delhi,31,"metro,mall",31.28968903445779,residential,13255465.42
2067,south_delhi,delhi,44,"park,metro",8.971986819290251,residential,52787652.57
1105,south_delhi,delhi,32,"metro,mall",20.062102985612214,commercial,34862032.54
2467,south_delhi,delhi,50,"mall,school",4.000293327729564,commercial,75137513.02
919,south_delhi,delhi,58,"school,hospital",13.266059015775479,commercial,23844786.53
2132,south_delhi,delhi,51,"park,metro",25.74267868414603,commercial,65443590.6
1242,south_delhi,delhi,48,"park,metro",28.441680127757923,commercial,30008520.02
1033,south_delhi,delhi,43,"mall,school",7.2900246102339565,commercial,25158061.37
1802,south_delhi,delhi,31,"school,hospital",23.285790309282707,commercial,52655488.51
